,cluster,top_categories
0,0,"[' Restaurants', 'Indian', ' American (New)', ' Nightlife', ' Bars', 'Burgers', ' Grocery', ' Auto Detailing', 'Automotive', ' Sandwiches']"
1,1,"[' Restaurants', 'Food', 'American (New)', ' Ice Cream & Frozen Yogurt', 'Mexican', ' Arts & Entertainment', 'American (Traditional)', ' Asian Fusion', ' Tea Rooms', 'Delis']"
2,2,"[' Restaurants', ' Nightlife', 'Bars', ' American (Traditional)', 'Thai', 'Food', ' Beauty & Spas', ' American (New)', 'Burgers', 'Pizza']"
3,3,"[' Restaurants', ' American (New)', ' Nightlife', 'Steakhouses', 'American (New)', ' Italian', ' Pizza', 'Food', ' Event Planning & Services', ' Sandwiches']"
4,4,"['Arts & Entertainment', ' Venues & Event Spaces', ' Event Planning & Services', 'American (New)', ' Stadiums & Arenas', ' Arts & Entertainment', ' Restaurants', 'Museums', ' Music Venues', 'Professional Sports Teams']"
5,5,"[' Gay Bars', 'Bars', ' Nightlife']"
6,6,"['Burgers', ' Restaurants', ' American (New)', ' Vegetarian', ' Middle Eastern', 'Mediterranean', 'Sandwiches', ' Shopping', 'Italian', ' Pizza']"
7,7,"[' Restaurants', 'Thai', 'Burgers', ' Gastropubs', 'Soul Food', 'Sandwiches', ' Nightlife', ' Bed & Breakfast', ' Event Planning & Services', ' Hotels']"
8,8,"[' Restaurants', 'Food', ' Coffee & Tea', 'Indian', ' Italian', 'Restaurants', ' Breakfast & Brunch', 'American (New)', ' Salad', 'Sushi Bars']"
9,9,"[' Restaurants', ' Nightlife', 'Bars', ' American (New)', 'Food', ' Cocktail Bars', ' Italian', ' Dance Clubs', ' Shopping', 'Restaurants']"
10,10,"[' Restaurants', 'American (New)', ' Mexican', 'Latin American', 'Food', ' Coffee & Tea', 'Bars', ' Nightlife', ' Grocery']"
11,11,"[' Restaurants', ' Pizza', 'Mexican', 'Italian', ' Shopping', 'Beauty & Spas', ' Cosmetics & Beauty Supply', ' Nail Salons', 'Food', 'Thai']"
12,12,"[' Restaurants', 'Seafood', ' Breakfast & Brunch', ' Tours', 'Landmarks & Historical Buildings', ' Public Services & Government', ' Brazilian', 'Steakhouses', 'Fondue', 'Sushi Bars']"
13,13,"[' Shopping', ' Carpet Cleaning', ' Home & Garden', 'Local Services', ' Furniture Reupholstery']"
14,14,"[' Restaurants', ' Nightlife', ' Bars', 'Food', ' American (Traditional)', 'American (Traditional)', ' Pubs', ' American (New)', ' Desserts', 'Bars']"
15,15,"['Shopping', ' Jewelry', ' Antiques', 'Bars', ' American (Traditional)', ' Nightlife', ' Restaurants', ' Shopping', 'Tobacco Shops', ' Italian']"
16,16,"[' Car Dealers', 'Automotive', ' General Dentistry', ' Dentists', 'Health & Medical']"
17,17,"[' Parks', 'Active Life']"
18,18,"[' Restaurants', 'Food', 'Chinese', ' Coffee & Tea', ' Food', 'Bakeries', 'Thai', ' Desserts', ' Cafes', ' Ice Cream & Frozen Yogurt']"
19,19,"[' Restaurants', ' Nightlife', 'Bars', ' Pizza', ' American (New)', 'Cafes', 'Food', 'Sushi Bars', ' Coffee & Tea', ' Japanese']"
20,20,"[' Pizza', 'Italian', ' Restaurants', ' Sandwiches', 'Pizza']"
21,21,"[' Restaurants', ' Nightlife', ' Bars', 'Arts & Entertainment', ' Gastropubs', ' Jazz & Blues', ' American (New)', ' Pubs', 'German', 'Asian Fusion']"
22,22,"['Beauty & Spas', ' Nail Salons']"
23,23,"[' Automotive', ' Tires', 'Auto Repair', ' Oil Change Stations', 'Beauty & Spas', ' Nail Salons', 'Tanning Beds', ' Tanning', ' Beauty & Spas', ' Spray Tanning']"
24,24,"[' Restaurants', 'Food', 'Breakfast & Brunch', ' Beauty & Spas', 'Restaurants', ' Italian', ' Gelato', ' Pizza', ' Coffee & Tea', ' Shopping']"
25,25,"[' Restaurants', ' Specialty Food', ' Food', ' Vegetarian', 'Health Markets', ' Climbing', 'Active Life', ' Rock Climbing', 'Sandwiches', 'Local Services']"
26,26,"[' Restaurants', ' Steakhouses', 'American (Traditional)', ' Diners', ' Chicken Wings', 'Sandwiches', ' Pizza', ' Bowling', 'Active Life', ' Cards & Stationery']"
27,27,"['Veterinarians', ' Pets']"
28,28,"[' Pet Groomers', ' Pets', 'Pet Services', ' Pet Boarding/Pet Sitting', ' Ice Cream & Frozen Yogurt', 'Food']"
29,29,"[' Restaurants', 'Sushi Bars', ' Pizza', 'Italian', 'Food', ' Japanese', 'Pizza', ' Chinese', ' Coffee & Tea', 'Moroccan']"
30,30,"[' Restaurants', 'American (Traditional)', 'Food', 'Turkish', ' Pizza', ' Food', 'Bakeries', 'Diners', 'American (New)', ' Coffee & Tea']"
31,31,"[' Restaurants', 'Food', ' Bars', ' Specialty Food', ' Nightlife', ' Sandwiches', 'Argentine', 'Nightlife', 'Breakfast & Brunch', 'Bars']"
32,32,"[' Restaurants', 'Food', ' Ice Cream & Frozen Yogurt', 'Breakfast & Brunch', 'Thai', ' Cambodian', ' Shopping', ' Wine & Spirits', ' Beer', 'Diners']"
33,33,"[' Italian', 'Restaurants', ' Restaurants', 'Sushi Bars', ' Chinese', ' Coffee & Tea', ' Home & Garden', 'Kitchen & Bath', ' Shopping', 'Oil Change Stations']"
34,34,"[' Bars', 'Pubs', ' Sports Bars', ' Nightlife', 'Food', ' Coffee & Tea', ' Restaurants', 'Pizza', 'Breakfast & Brunch', ' Vegetarian']"
35,35,"['Local Services', ' Dry Cleaning & Laundry']"
36,36,"[' Restaurants', 'Barbeque', 'Pizza', ' Cheesesteaks', ' Chicken Wings', 'Food', 'Burgers', ' Grocery', ' Shopping', 'Diners']"
37,37,"[' Performing Arts', 'Arts & Entertainment']"
38,38,"[' Automotive', ' Towing', 'Auto Repair']"
39,39,"[' Italian', 'Food', ' Seafood', 'Steakhouses', ' Coffee & Tea', ' Shoe Repair', 'Veterinarians', ' Pets', ' Gas & Service Stations', ' Automotive']"
40,40,"[' Nightlife', 'Food', ' Breweries', ' Beer Gardens', 'American (Traditional)', ' Restaurants', 'Bars', ' Arts & Entertainment', 'Museums']"
41,41,"['Steakhouses', 'American (Traditional)', ' Restaurants', 'Bars', ' Nightlife', ' American (Traditional)', ' Sports Bars', ' Buffets', 'American (New)', ' Barbeque']"
42,42,"['Home Services', ' Home Inspectors']"
43,43,"['Churches', ' Religious Organizations']"
44,44,"[' Turkish', ' Mediterranean', 'Restaurants', ' Restaurants', ' Vegetarian', 'Tapas/Small Plates', ' Latin American', ' Ice Cream & Frozen Yogurt', 'Food', ' Italian']"
45,45,"['Food', ' Breweries', 'Burgers', ' Cinema', 'Seafood', 'Mexican', ' Shopping', ' Restaurants', ' Italian', 'Restaurants']"
46,46,"[' Restaurants', 'Mexican', ' Food', 'Bakeries', 'Food', ' Coffee & Tea', ' Sandwiches', ' Italian', 'Restaurants', 'Barbeque']"
47,47,"[' Restaurants', 'Mexican', 'Caribbean', 'Hair Salons', ' Nail Salons', ' Beauty & Spas', ' Eyelash Service', 'Food', ' Delis', 'Seafood']"
48,48,"['Veterinarians', ' Pets']"
49,49,"['Food', ' Grocery']"
50,50,"[' Restaurants', 'Breakfast & Brunch', ' Sandwiches', ' Nightlife', 'Bars', ' Pubs', ' Food', ' Wine & Spirits', ' Sports Bars', ' Beer']"
51,51,"['Television Stations', ' Mass Media']"
52,52,"[' Restaurants', 'Pizza']"
53,53,"['Food', 'Mexican', 'Hair Salons', ' Day Spas', ' Tex-Mex', ' Beauty & Spas', ' Coffee & Tea', ' Nail Salons', ' Candy Stores', ' Ice Cream & Frozen Yogurt']"
54,54,"[' Restaurants', ' Pizza', 'Italian', 'Automotive', ' Motorcycle Dealers']"
55,55,"[' Restaurants', ' Pizza', 'Italian', ' Barbeque', 'Bars', ' Nightlife', 'Sandwiches', 'Burgers', ' Fast Food', ' Dive Bars']"
56,56,"[' Stadiums & Arenas', 'Arts & Entertainment', ' Arts & Entertainment', 'Museums', 'Steakhouses', ' American (New)', 'Bars', ' Nightlife', 'Active Life', 'Hotels & Travel']"
57,57,"[' Local Flavor', 'Arts & Entertainment', 'Local Services']"
58,58,"['Bakeries', ' Food', ' Desserts', 'Breakfast & Brunch', ' Restaurants', ' Diners', ' American (Traditional)', ' Books', ' Real Estate Services', 'Shopping']"
59,59,"['Food', ' Grocery', 'Hot Dogs', 'Thai', ' Coffee & Tea', 'Hotels & Travel', ' Event Planning & Services', ' Hotels', 'Bakeries', ' Cafes']"
60,60,"[' Beauty & Spas', ' Chiropractors', ' Massage', 'Health & Medical', 'Hair Salons', ' Dry Cleaning & Laundry', 'Local Services']"
61,61,"[' Mediterranean', ' Restaurants', 'Pizza', ' Gas & Service Stations', 'Auto Repair', ' Automotive', ' Tires', 'Health & Medical', ' Urgent Care', ' Home & Garden']"
62,62,"[' Nurseries & Gardening', ' Home & Garden', 'Shopping']"
63,63,"[' Restaurants', 'Cafes']"
64,64,"[' Restaurants', ' Diners', 'Breakfast & Brunch', 'Thai', 'Pizza', 'Food', ' Sandwiches', ' Gluten-Free', ' Desserts', 'Hot Dogs']"
65,65,"['Food', ' Coffee & Tea', ' Beauty & Spas', 'Massage', 'Auto Repair', ' Automotive', ' Apartments', ' Real Estate', 'Home Services']"
66,66,"[' Fitness & Instruction', ' Pilates', ' Gyms', ' Trainers', 'Active Life', 'Tires', ' Automotive', ' Car Stereo Installation', ' Auto Detailing', 'Bars']"
67,67,"[' Restaurants', 'Breakfast & Brunch', 'American (New)', ' Cafes', 'Italian', ' Sandwiches', 'Pizza', 'Bakeries', ' Food']"
68,68,"['Pet Services', ' Dog Walkers', ' Pets']"
69,69,"[' Restaurants', ' American (Traditional)', 'Bars', ' Nightlife']"
70,70,"[' Italian', 'Restaurants', ' Cinema', 'Arts & Entertainment', ' Restaurants', 'Sushi Bars', ' Hotels & Travel', ' Apartments', ' Hotels', 'Home Services']"
71,71,"[' Gas & Service Stations', 'Automotive', 'Health & Medical', ' Nail Salons', 'Beauty & Spas', ' Chiropractors', ' General Dentistry', ' Dentists']"
72,72,"[' Restaurants', ' Nightlife', 'American (New)', ' Mediterranean', 'Thai', ' Bars', 'Bars', ' Shopping', 'Wine Bars', ' Beauty & Spas']"
73,73,"[' Restaurants', ' American (Traditional)', 'Bars', ' Nightlife']"
74,74,"['Car Wash', ' Automotive', 'Sandwiches', ' Restaurants', ' Venues & Event Spaces', ' Hotels', ' Event Planning & Services', 'Hotels & Travel']"
75,75,"[' Restaurants', 'Bars', ' American (New)', ' Chicken Wings', ' Pubs', ' Nightlife', 'Cafes', ' Sandwiches', ' Parks', 'Active Life']"
76,76,"['Libraries', ' Public Services & Government', ' Health & Medical', 'Acupuncture']"
77,77,"[' Music Venues', ' Nightlife', 'Arts & Entertainment', 'Libraries', ' Public Services & Government']"
78,78,"[' Golf', 'Active Life']"
79,79,"['Sushi Bars', ' Chinese', 'Food', ' Grocery', ' Wine & Spirits', ' Beer', ' Shopping', 'Sporting Goods', 'Fast Food', ' Restaurants']"
80,80,"['Arts & Entertainment', ' Towing', 'Automotive', ' Performing Arts', ' Skin Care', ' Beauty & Spas', ' Medical Spas', ' Cosmetic Surgeons', ' Health & Medical', 'Doctors']"
81,81,"[' Restaurants', ' Food Stands', 'Indian']"
82,82,"['Photographers', ' Event Planning & Services']"
83,83,"[' Shopping', 'Shopping Centers', 'Food', ' Grocery', ' Delis', ' Sandwiches', ' Restaurants']"
84,84,"[' Bars', ' Sports Bars', 'Sandwiches', ' Nightlife', ' Restaurants', ' Automotive', ' Auto Parts & Supplies', 'Tires']"
85,85,"[' Kids Activities', ' Educational Services', ' Active Life', 'Arts & Entertainment', ' Cultural Center', ' Education', ' Coffee & Tea', 'Food', ' Restaurants', 'Breakfast & Brunch']"
86,86,"['Food', ' Beer', ' Wine & Spirits', 'Chinese', ' Restaurants', 'Restaurants']"
87,87,"[' Restaurants', ' Hot Dogs', 'Pubs', ' Bars', ' Nightlife', 'Breakfast & Brunch', ' Vegetarian', ' Cafes', 'American (New)', 'Thai']"
88,88,"[' Buffets', ' Japanese', 'Sushi Bars', ' Restaurants', ' Shopping', ' Tobacco Shops', ' Beer', ' Wine & Spirits', 'Health & Medical', ' Urgent Care']"
89,89,"[' Restaurants', 'Food', ' Seafood', ' Mediterranean', 'Portuguese', 'American (New)', ' Grocery', 'Pizza', ' Specialty Food', ' Food']"
90,90,"[' Restaurants', 'Pizza']"
91,91,"[' Restaurants', 'American (New)', ' Barbeque', ' Nightlife', 'Gastropubs', ' American (New)', 'Pubs', ' Bars', ' Lounges', 'Bars']"
92,92,"[' Beauty & Spas', 'Massage', ' Restaurants', 'Pizza']"
93,93,"[' Restaurants', ' American (New)', 'Greek', ' Middle Eastern', 'Sandwiches', 'Chinese', 'Pizza', 'Pet Groomers', ' Pets', ' Pet Services']"
94,94,"[' Restaurants', ' American (Traditional)', 'Bars', ' Nightlife']"
95,95,"['Bakeries', ' Cafes', ' Food', ' Restaurants', ' Body Shops', 'Automotive', 'Food', ' Specialty Food']"
96,96,"[' Restaurants', ' Nightlife', 'Bars', ' American (Traditional)', ' Gastropubs', ' Pubs', ' American (New)', ' Burgers', ' Sports Bars', 'Breakfast & Brunch']"
97,97,"[' Restaurants', ' Food', 'Bakeries', 'Diners', 'Breakfast & Brunch', ' Diners', 'Pet Services', ' Pet Groomers', ' Pet Boarding/Pet Sitting', 'Chinese']"
98,98,"[' Restaurants', 'Pizza', ' Salad', 'Vietnamese', 'Indian', ' Shopping', 'Sporting Goods', ' Bikes', 'Food', ' Pet Services']"
99,99,"['Home Services', ' Heating & Air Conditioning/HVAC']"
100,100,"[' Restaurants', 'American (New)', 'Seafood', 'American (Traditional)', 'Bars', ' Steakhouses', ' Wine Bars', ' Nightlife', ' Seafood', ' Italian']"
101,101,"[' Restaurants', 'Pizza', 'Breakfast & Brunch', ' Diners', 'Chinese', ' Sandwiches', ' Shopping', ' Fashion', 'Local Services', ' Shoe Repair']"
102,102,"['Cafes', ' Restaurants', ' General Dentistry', ' Dentists', 'Health & Medical', ' Italian', 'Restaurants']"
103,103,"[' Restaurants', 'Caribbean']"
104,104,"['Pubs', ' Restaurants', ' Bars', ' Nightlife', ' American (New)']"
105,105,"[' Restaurants', 'Pizza']"
106,106,"['Food', ' Wine & Spirits', ' Breweries', ' Beer', 'Animal Shelters', ' Pets', ' Food', 'Bakeries', ' Automotive', ' Self Storage']"
107,107,"['Bars', ' American (New)', ' American (Traditional)', ' Pubs', ' Nightlife', ' Restaurants']"
108,108,"[' Restaurants', ' American (Traditional)', 'Bars', ' Nightlife', ' Lebanese', 'Middle Eastern', ' Mediterranean', 'Pizza', ' Beauty & Spas', 'Barbers']"
109,109,"[' Restaurants', 'American (New)', 'Food', ' Breweries']"
110,110,"[' Public Services & Government', 'Landmarks & Historical Buildings']"
111,111,"['Bars', ' Nightlife', ' Restaurants', ' American (Traditional)', ' Sports Bars', 'Seafood', 'Food', ' American (New)', ' Grocery', ' Italian']"
112,112,"[' Beauty & Spas', 'Barbers']"
113,113,"[' Fitness & Instruction', ' Trainers', ' Martial Arts', ' Boot Camps', 'Active Life']"
114,114,"[' Automotive', 'Auto Repair']"
115,115,"[' Restaurants', ' Nightlife', 'Bars', ' American (New)', ' Sports Bars', ' Event Planning & Services', ' Caterers', 'Delis', 'Pizza', ' Escape Games']"
116,116,"[' Restaurants', 'Mexican', 'Food', ' Ice Cream & Frozen Yogurt']"
117,117,"['Food', ' Food Trucks', ' Food Stands', ' Restaurants']"
118,118,"[' Automotive', 'Oil Change Stations', 'Car Wash', 'Security Systems', ' Home Services', ' Hotels', ' Event Planning & Services', 'Hotels & Travel']"
119,119,"[' American (Traditional)', ' Breakfast & Brunch', 'Burgers', ' Restaurants', 'Restaurants', 'Food', ' Grocery', ' Fast Food', ' Shopping', ' Discount Store']"
120,120,"[' Restaurants', ' Breakfast & Brunch', 'Burgers', ' Diners', ' Education', 'Specialty Schools', ' Pizza', 'Italian', ' Caterers', 'Event Planning & Services']"
121,121,"['Libraries', ' Public Services & Government']"
122,122,"['Bars', ' Nightlife']"
123,123,"[' Venues & Event Spaces', 'Hotels & Travel', ' Event Planning & Services', ' Hotels', ' Shopping', 'Arts & Crafts', ' Knitting Supplies', ' Hobby Shops', 'Burgers', ' Fast Food']"
124,124,"['Local Services', ' Self Storage', ' Cooking Schools', ' Education', 'Specialty Schools', 'Active Life', 'Web Design', ' Advertising', ' Professional Services', ' Graphic Design']"
125,125,"[' Restaurants', 'Breakfast & Brunch', ' Cafes', ' French', ' Italian', 'Restaurants', 'Auto Repair', ' Automotive', 'Pizza']"
126,126,"[' Restaurants', 'Beauty & Spas', ' Nail Salons', ' Wine Bars', ' Salad', ' Italian', ' Nightlife', 'Bars', 'American (New)', ' Coffee & Tea']"
127,127,"[' Dog Walkers', ' Pets', 'Pet Services', ' Pet Boarding/Pet Sitting', ' Mass Media', 'Print Media']"
128,128,"[' Restaurants', 'American (Traditional)', 'Breakfast & Brunch', ' Diners', ' Chiropractors', 'Massage Therapy', ' Health & Medical', ' Physical Therapy', 'Local Services', ' Funeral Services & Cemeteries']"
129,129,"['American (Traditional)', ' Restaurants', ' Chicken Wings']"
130,130,"[' Trainers', ' Gyms', ' Fitness & Instruction', 'Active Life', 'Local Services', ' Health & Medical', 'Endodontists', ' Dentists', ' General Dentistry', ' Community Service/Non-Profit']"
131,131,"['Local Services', ' Community Service/Non-Profit', ' Gas & Service Stations', 'Automotive', 'Food', ' Grocery']"
132,132,"[' Restaurants', 'Seafood', ' Fish & Chips', ' Chicken Wings', 'Pizza']"
133,133,"[' Restaurants', 'Mexican', ' Caribbean', 'Pizza', ' Italian', 'Restaurants', ' Mexican', 'Caribbean', 'Hot Dogs']"
134,134,"[' Restaurants', 'Pizza']"
135,135,"['Pubs', ' Bars', ' Nightlife']"
136,136,"['Food', ' Ice Cream & Frozen Yogurt', 'Automotive', ' Gas & Service Stations']"
137,137,"[' Restaurants', ' American (Traditional)', 'Seafood', ' Steakhouses']"
138,138,"[' Restaurants', 'Asian Fusion', ' Chinese', ' Nightlife', ' American (Traditional)', 'Bars', ' American (New)', 'Seafood', ' Bars', 'Burgers']"
139,139,"['Hair Salons', ' Beauty & Spas', ' Drugstores', ' Convenience Stores', ' Shopping', ' Nail Salons', 'Beauty & Spas', ' Ice Cream & Frozen Yogurt', ' Pizza', 'Food']"
140,140,"[' Car Dealers', 'Automotive']"
141,141,"[' Restaurants', 'Indian', ' Tex-Mex', 'Mexican', 'Breakfast & Brunch', ' Beauty & Spas', ' Massage', ' Waxing', 'Skin Care', ' Hair Removal']"
142,142,"[' Home Services', 'Home Cleaning']"
143,143,"['Caterers', ' Event Planning & Services', ' Barbeque', ' Restaurants', ' Caterers', ' Party & Event Planning', 'Event Planning & Services', ' Heating & Air Conditioning/HVAC', 'Home Services', 'Indian']"
144,144,"[' Restaurants', 'Vietnamese', 'Pizza']"
145,145,"['Food', ' Distilleries']"
146,146,"['Food', ' Grocery', ' Event Planning & Services', ' Guest Houses', ' Venues & Event Spaces', 'Hotels & Travel']"
147,147,"[' Restaurants', 'Diners', 'Caterers', ' Italian', ' Event Planning & Services', ' Gas & Service Stations', 'Automotive', ' Heating & Air Conditioning/HVAC', 'Home Services', ' Nurseries & Gardening']"
148,148,"[' Real Estate', 'Home Services', ' Home Staging']"
149,149,"['American (Traditional)', ' Restaurants']"
150,150,"['Food', ' Street Vendors']"
151,151,"[' Restaurants', ' American (Traditional)', 'Bars', ' Nightlife']"
152,152,"[' Taxis', ' Transportation', 'Hotels & Travel']"
153,153,"[' Italian', 'Restaurants', ' Restaurants', 'Food', ' Coffee & Tea', ' Caterers', 'Event Planning & Services', ' Caribbean', 'Pizza', 'Seafood']"
154,154,"[' Hotels', ' Event Planning & Services', 'Hotels & Travel']"
155,155,"[' Contractors', 'Home Services']"
156,156,"[' Automotive', ' Gas & Service Stations', 'Car Wash']"
157,157,"['Museums', ' Art Galleries', ' Shopping', ' Arts & Entertainment']"
158,158,"['Bakeries', ' Food']"
159,159,"['Thrift Stores', ' Shopping', ' Bars', 'Pubs', ' Nightlife', 'Veterinarians', ' Pets']"
160,160,"[' Restaurants', ' Pizza', 'Italian', ' Nurseries & Gardening', ' Home & Garden', ' Shopping', 'Hardware Stores', ' Appliances']"
161,161,"[' Restaurants', 'Pizza', 'Thrift Stores', ' Shopping', ' Antiques', 'Shopping', ' Gas & Service Stations', 'Food', 'Automotive', ' Breweries']"
162,162,"['Bakeries', ' Cupcakes', ' Food', ' Coffee & Tea', 'Chinese', ' Restaurants']"
163,163,"[' Restaurants', 'Fast Food']"
164,164,"[' Restaurants', 'Burgers', ' Fast Food']"
165,165,"[' Restaurants', 'Pizza', ' Guns & Ammo', 'Shopping']"
166,166,"[' Car Rental', 'Hotels & Travel', ' Salad', 'Burgers', ' Restaurants', ' Pizza']"
167,167,"[' Restaurants', 'Belgian', 'Food', ' Coffee & Tea', ' Sandwiches', 'Veterinarians', ' Pets', ' Apartments', ' Real Estate', 'Home Services']"
168,168,"['Food', ' Beer', ' Wine & Spirits', ' Shopping', 'Arts & Crafts', ' Party & Event Planning', ' Event Planning & Services', ' Bars', ' Nightlife', 'Dive Bars']"
169,169,"[' Buffets', 'Seafood', ' Restaurants', ' Chinese', 'Buffets', 'Thrift Stores', ' Shopping']"
170,170,"[' Italian', 'Restaurants', 'American (Traditional)', ' Barbeque', ' Wine & Spirits', ' Fitness & Instruction', 'Active Life', ' Beer', 'Barbers', ' Beauty & Spas']"
171,171,"[' Restaurants', 'Cafes', ' Sandwiches', 'Pizza']"
172,172,"[' Body Shops', 'Automotive']"
173,173,"['Movers', ' Home Services']"
174,174,"['Bakeries', ' Food']"
175,175,"[' Restaurants', 'Pizza', 'Delis', ' Sandwiches', 'Shopping', ' Toy Stores', 'Chinese', 'Dive Bars', ' Pets', 'Pet Services']"
176,176,"[' Restaurants', 'American (New)', 'Sushi Bars', ' Chinese', ' Japanese', ' Italian', 'Restaurants', ' Car Dealers', 'Automotive', ' Shopping']"
177,177,"['Vitamins & Supplements', ' Shopping']"
178,178,"[' Health & Medical', ' Obstetricians & Gynecologists', 'Doctors']"
179,179,"['Hotels & Travel', ' Tours']"
180,180,"[' Italian', ' Sandwiches', 'Restaurants', ' Shopping', ' Fashion', 'Department Stores', 'Car Wash', ' Automotive', 'Pizza', ' Restaurants']"
181,181,"['Food', ' Coffee & Tea', 'Barbers', ' Shopping', 'Ski & Snowboard Shops', ' Beauty & Spas', ' Sporting Goods', 'Arts & Entertainment', ' Music Venues', ' Nightlife']"
182,182,"[' Italian', ' Pizza', 'Restaurants', 'Barbers', ' Beauty & Spas', 'Food', ' Donuts', ' Body Shops', ' Automotive', 'Auto Repair']"
183,183,"['Bakeries', ' Food']"
184,184,['']
185,185,"[' Ice Cream & Frozen Yogurt', 'Food', ' Fast Food', ' Restaurants', ' Nurseries & Gardening', 'Shopping', ' Florists', ' Flowers & Gifts', ' Home & Garden', ' Italian']"
186,186,"[' Automotive', ' Auto Parts & Supplies', ' Car Dealers', 'Auto Repair']"
187,187,['Restaurants']
188,188,"['German', ' Food', ' Event Planning & Services', ' Breweries', ' Restaurants', ' Venues & Event Spaces']"
189,189,"[' Hiking', 'Active Life']"
190,190,"[' Italian', 'Restaurants', ' Pizza', ' Dry Cleaning & Laundry', ' Sewing & Alterations', 'Local Services', ' Restaurants', 'Pizza']"
191,191,"[' Dog Parks', ' Parks', 'Active Life']"
192,192,"[' Restaurants', 'Pizza']"
193,193,"[' Musical Instruments & Teachers', ' Shopping', ' Musical Instrument Services', 'Local Services', ' Guitar Stores', ' Gyms', ' Fitness & Instruction', ' Trainers', 'Active Life']"
194,194,"['Local Services', ' Appliances & Repair', 'Restaurants', ' Home & Garden', ' Shopping', 'Hardware Stores', 'Bakeries', ' Food', 'Chinese', ' Restaurants']"
195,195,"[' Restaurants', ' Diners', 'Sandwiches', 'Thrift Stores', ' Shopping', 'Chinese', ' Home Decor', ' Home & Garden', ' Furniture Stores', ' Italian']"
196,196,"[' Appliances & Repair', 'Local Services']"
197,197,"[' Restaurants', 'Pizza', 'Tattoo', ' Beauty & Spas', ' Piercing', 'Sandwiches']"
198,198,"['Pubs', ' Bars', ' Nightlife']"
199,199,"[' Dog Parks', ' Parks', 'Active Life']"
200,200,"[' Home & Garden', 'Shopping', ' Furniture Stores']"
201,201,"[' Restaurants', 'Middle Eastern', ' Mediterranean', ' Pizza', 'Italian', ' Ice Cream & Frozen Yogurt', ' Desserts', ' Shaved Ice', 'Food', ' Nail Salons']"
202,202,"[' Restaurants', 'Thai', ' Italian', 'Restaurants', 'Belgian', 'Food', ' Coffee & Tea', ' Cafes', 'Japanese', ' Education']"
203,203,"[' Restaurants', 'Diners', 'Pizza', ' Salad', ' Sandwiches', 'Restaurants', ' Shopping', 'Flowers & Gifts', ' Florists', 'Food']"
204,204,"[' Mini Golf', 'Active Life', ' Golf', ' Restaurants', 'American (New)']"
205,205,"['Restaurants', 'Fast Food', 'Food', ' Donuts', ' Coffee & Tea', 'Bars', ' American (Traditional)', ' Nightlife', ' Lounges', ' Restaurants']"
206,206,"[' Arcades', 'Arts & Entertainment']"
207,207,"[' Bars', 'Pubs', ' Nightlife', 'Food', ' Coffee & Tea', ' Restaurants', 'Barbeque', ' Bed & Breakfast', 'Hotels & Travel', ' Event Planning & Services']"
208,208,"[' Restaurants', 'American (New)', ' Event Planning & Services', 'Arts & Entertainment', ' Venues & Event Spaces']"
209,209,"[' Restaurants', 'Mexican']"
210,210,"[' Real Estate', 'Home Services', ' Apartments']"
211,211,"[' Playgrounds', ' Parks', 'Active Life']"
212,212,"['Shopping', ' Wholesale Stores', 'Hotels & Travel', ' Event Planning & Services', ' Hotels', ' Gas & Service Stations', 'Food', ' Automotive', ' Convenience Stores']"
213,213,"[' Fitness & Instruction', ' Trainers', ' Gyms', 'Active Life']"
214,214,"[' Automotive', 'Auto Repair']"
215,215,"[' Restaurants', 'Pizza', 'Bars', ' American (Traditional)', ' Sports Bars', ' Nightlife', ' Burgers', 'Car Wash', ' Automotive', 'Food']"
216,216,"['Breakfast & Brunch', ' Diners', ' Restaurants', ' Bars', 'Pubs', ' Nightlife', ' Fitness & Instruction', ' Gyms', ' Trainers', 'Active Life']"
217,217,"[' Property Management', 'Real Estate Services', ' Home Services', ' Real Estate', ' Apartments', 'Home Services']"
218,218,"[' Restaurants', 'American (Traditional)', 'Mexican', 'Food', ' Coffee & Tea', ' Desserts', ' Fitness & Instruction', 'Active Life', ' Yoga', ' Gyms']"
219,219,"[' Restaurants', 'Fast Food']"
220,220,"['Food', ' Coffee & Tea', ' Bagels', ' Juice Bars & Smoothies', 'Tires', ' Automotive', 'Restaurants']"
221,221,"[' Arcades', 'Arts & Entertainment', ' Restaurants', 'American (New)']"
222,222,"[' Bars', 'Dive Bars', ' Nightlife']"
223,223,"['Food', ' Beer', ' Wine & Spirits', 'Oil Change Stations', ' Automotive']"
224,224,"[' Restaurants', 'Mexican', 'Bars', ' American (Traditional)', ' Nightlife', ' Body Shops', 'Automotive', ' Hotels', ' Event Planning & Services', 'Hotels & Travel']"
225,225,"['Bars', ' Nightlife']"
226,226,"['Veterinarians', ' Pets']"
227,227,"[' Public Services & Government', 'Landmarks & Historical Buildings']"
228,228,"[' Automotive', ' Body Shops', ' Windshield Installation & Repair', 'Auto Repair']"
229,229,['']
230,230,"['American (Traditional)', ' Restaurants']"
231,231,"[' Steakhouses', 'American (Traditional)', ' Restaurants', ' Music & Video', ' Mags', 'Books', ' Bookstores', ' Shopping']"
232,232,"[' Restaurants', 'Barbeque']"
233,233,"[' Nightlife', ' Bars', 'Dive Bars', 'Food', ' Coffee & Tea', ' Music & Video', ' Shopping', ' Mags', ' Vinyl Records', ' Gluten-Free']"
234,234,"['Bars', ' Nightlife', ' Cocktail Bars', ' Comfort Food', ' Restaurants', ' Religious Organizations', 'Churches', 'Cafes']"
235,235,"[' Restaurants', 'Caribbean']"
236,236,"['Food', ' Breweries', 'American (Traditional)', ' Restaurants']"
237,237,"[' Hotels', ' Event Planning & Services', 'Hotels & Travel']"
238,238,"[' Web Design', ' Graphic Design', 'Professional Services', ' Nurseries & Gardening', ' Home & Garden', 'Shopping']"
239,239,"[' Restaurants', 'Delis']"
240,240,"[' Restaurants', 'Japanese', 'Bars', ' American (New)', ' Sports Bars', ' Nightlife']"
241,241,"[' Beauty & Spas', 'Barbers']"
242,242,"['Movers', ' Junk Removal & Hauling', ' Local Services', ' Home Services']"
243,243,"['Bars', ' American (Traditional)', ' Cheesesteaks', ' Pubs', ' Nightlife', ' Restaurants']"
244,244,"[' Home & Garden', ' Shopping', 'Mattresses', ' Bars', ' Nightlife', ' American (Traditional)', ' Restaurants', 'Dive Bars']"
245,245,"[' Restaurants', 'American (New)']"
246,246,"[' Diving', ' Golf', 'Active Life']"
247,247,"[' Event Planning & Services', 'Hotels & Travel', ' Venues & Event Spaces', ' Hotels', ' Fitness & Instruction', ' Gyms', 'Active Life', ' Trainers', ' Boot Camps']"
248,248,"[' Hotels', ' Event Planning & Services', 'Hotels & Travel', ' Venues & Event Spaces', '']"
249,249,"[' Italian', ' Chicken Wings', ' Restaurants', 'Pizza']"
250,250,"['American (Traditional)', ' Amusement Parks', 'Active Life', ' Restaurants', 'Burgers', ' American (Traditional)', ' Sandwiches']"
251,251,"['Fast Food', ' Restaurants', ' Mobile Phones', 'Electronics', ' Computers', 'Fashion', ' Shoe Stores', 'Department Stores', ' Shopping', "" Children's Clothing""]"
252,252,"['Chinese', ' Restaurants', ' Auto Repair', ' Automotive', 'Tires', ' Oil Change Stations']"
253,253,"[' Restaurants', 'Pizza']"
254,254,"['Steakhouses', ' Japanese', ' Chinese', ' Restaurants', 'Food', ' Coffee & Tea', ' Gyms', 'Active Life', ' Fitness & Instruction', ' Ice Cream & Frozen Yogurt']"
255,255,"['Food', ' Grocery']"
256,256,"['Art Supplies', ' Shopping', ' Arts & Crafts', 'Local Services', ' Dry Cleaning & Laundry']"
257,257,"['Colleges & Universities', ' Education', ' Music & Video', ' Shopping', ' Mags', 'Books', 'Landmarks & Historical Buildings', ' Public Services & Government', ' Local Flavor', ' Food']"
258,258,"[' Salad', 'Soup', ' Sandwiches', ' Restaurants', ' Hotels', ' Event Planning & Services', 'Hotels & Travel']"
259,259,"[' Automotive', 'Auto Repair']"
260,260,"['Veterinarians', ' Pets', ' Restaurants', ' Japanese', 'Sushi Bars']"
261,261,"[' Restaurants', 'Diners']"
262,262,"['Home Services', ' Home Inspectors']"
263,263,"[' Hotels', ' Event Planning & Services', 'Hotels & Travel']"
264,264,"[' Auto Repair', ' Automotive', 'Tires', ' Oil Change Stations', ' Restaurants', 'Pizza']"
265,265,"[' Restaurants', ' Bars', 'Wine Bars', ' Italian', ' Nightlife', 'Breakfast & Brunch', ' Diners', ' Pizza']"
266,266,"[' Parks', 'Active Life']"
267,267,"[' Bars', 'Dive Bars', ' Nightlife']"
268,268,"[' Stadiums & Arenas', 'Arts & Entertainment']"
269,269,"['Food', ' Arts & Entertainment', ' Wineries', ' Restaurants', 'Pizza']"
270,270,"[' Self Storage', 'Local Services']"
271,271,"['Photographers', ' Event Photography', ' Event Planning & Services', ' Session Photography']"
272,272,"[' Bars', 'Dive Bars', ' Nightlife']"
273,273,"[' Restaurants', 'Pizza', ' Salad', 'Food', ' Desserts', ' Pizza']"
274,274,"['Arts & Entertainment', ' Festivals', ' Music Venues', ' Nightlife']"
275,275,"[' Automotive', 'Car Wash']"
276,276,"[' Restaurants', 'American (New)', ' Art Galleries', ' Shopping', 'Arts & Entertainment']"
277,277,"['Hair Salons', ' Tanning', ' Nail Salons', ' Beauty & Spas']"
278,278,"[' Damage Restoration', ' Home Services', ' Carpet Cleaning', 'Local Services']"
279,279,"[' Fitness & Instruction', ' Gyms', 'Active Life', ' Restaurants', 'Delis']"
280,280,"['Pubs', ' Bars', ' Nightlife']"
281,281,['Restaurants']
282,282,"['American (Traditional)', ' Restaurants', ' Caterers', ' Comfort Food', ' Event Planning & Services']"
283,283,"[' Restaurants', ' Diners', 'American (New)']"
284,284,"['Bridal', ' Shopping', ' Nail Salons', 'Beauty & Spas', ' Dentists', ' Health & Medical', 'Pediatric Dentists', 'Shopping', ' Drugstores']"
285,285,"[' Automotive', 'Car Wash']"
286,286,"[' Restaurants', 'Breakfast & Brunch']"
287,287,"['Bars', ' American (New)', ' Nightlife', ' Restaurants', ' Lounges', ' Financial Services', 'Banks & Credit Unions']"
288,288,"['American (Traditional)', ' Restaurants', ' Sandwiches']"
289,289,"[' Restaurants', 'Breakfast & Brunch', ' Diners', 'Bars', ' Nightlife', ' Pizza', 'Food', ' Grocery']"
290,290,"[' Taxis', ' Transportation', 'Hotels & Travel']"
291,291,"[' Golf', 'Active Life']"
292,292,"[' Restaurants', 'Pizza', 'Bars', ' Party & Event Planning', ' Arts & Entertainment', ' Nightlife', ' Arcades', ' Event Planning & Services']"
293,293,"[' Shopping', 'Sporting Goods']"
294,294,"[' Restaurants', ' Bars', ' Sandwiches', 'Nightlife']"
295,295,"[' Notaries', 'Local Services']"
296,296,"[' Restaurants', 'American (New)']"
297,297,"['Bars', ' American (New)', ' Nightlife', ' Restaurants', ' Fitness & Instruction', 'Active Life', ' Massage', ' Auto Glass Services', 'Automotive', ' Windshield Installation & Repair']"
298,298,"[' Restaurants', 'Pizza', 'Flowers & Gifts', ' Shopping', ' Florists']"
299,299,['Local Flavor']
300,300,"[' Restaurants', ' American (Traditional)', 'Bars', ' Nightlife']"
301,301,"[' Restaurants', 'Thai', ' Music & Video', ' Shopping', ' Mags', 'Books', ' Bookstores', 'Restaurants']"
302,302,"[' Restaurants', 'Pizza']"
303,303,"[' Restaurants', ' Pizza', 'Italian']"
304,304,"['Bars', ' Karaoke', ' Nightlife']"
305,305,"['Tires', ' Automotive', ' Oil Change Stations', ' Auto Repair']"
306,306,"[' Italian', 'Restaurants', ' Restaurants', 'Mediterranean']"
307,307,"[' Restaurants', ' American (New)', 'Pizza', 'Hair Salons', ' Nail Salons', ' Day Spas', ' Beauty & Spas', ' Bars', 'Pubs', ' Nightlife']"
308,308,"['Health & Medical', ' General Dentistry', ' Dentists']"
309,309,"['Museums', ' Arts & Entertainment']"
310,310,"[' Restaurants', 'Hungarian']"
311,311,"[' Automotive', 'Auto Repair']"
312,312,"[' Restaurants', ' Pizza', 'Italian', 'Oral Surgeons', ' General Dentistry', ' Dentists', ' Health & Medical', ' Cosmetic Dentists', ' Radio Stations', 'Mass Media']"
313,313,"['Automotive', 'Auto Repair', ' Automotive', ' Body Shops', ' Smog Check Stations', ' Auto Detailing']"
314,314,"[' Restaurants', 'Delis', 'Restaurants']"
315,315,"[' Home & Garden', ' Appliances & Repair', 'Local Services', ' Appliances', ' Shopping', 'Bridal']"
316,316,"[' Restaurants', ' Chicken Wings', ' Pizza', 'Italian']"
317,317,"['Plumbing', ' Home Services', ' Heating & Air Conditioning/HVAC', ' Dry Cleaning & Laundry', 'Local Services']"
318,318,"[' Parks', 'Active Life']"
319,319,"['Food', ' Food Trucks']"
320,320,"['Breakfast & Brunch', ' American (New)', ' Restaurants', ' Fast Food', 'Burgers']"
321,321,"[' Office Equipment', 'Shopping']"
322,322,"[' Body Shops', 'Automotive', ' Car Dealers']"
323,323,"['Post Offices', ' Public Services & Government']"
324,324,"[' Motorcycle Rental', 'Hotels & Travel']"
325,325,"[' Junk Removal & Hauling', 'Local Services']"
326,326,"[' Bars', 'Food', ' Beer', ' Nightlife', ' Cocktail Bars', ' Wine & Spirits']"
327,327,['Professional Services']
328,328,"[' Health & Medical', ' Cardiologists', 'Doctors']"
329,329,"['Local Services', ' Shoe Repair', ' Tennis', 'Active Life', ' Beaches', ' Swimming Pools', 'Food', ' Coffee & Tea']"
330,330,"[' Music Venues', ' Nightlife', 'Arts & Entertainment']"
331,331,"[' Restaurants', 'Pizza', 'Burgers', ' Fast Food', ' Chicken Wings', 'Seafood', ' Sandwiches', 'Italian', ' Pizza']"
332,332,"[' Restaurants', ' Sandwiches', ' Salad', 'Pizza']"
333,333,"[' Caterers', 'Event Planning & Services']"
334,334,"['Food', ' Coffee & Tea', ' Landmarks & Historical Buildings', ' Arts & Entertainment', 'Museums', ' Public Services & Government']"
335,335,"[' Post Offices', ' Shipping Centers', 'Local Services', ' Public Services & Government']"
336,336,"[' Restaurants', 'Mexican']"
337,337,"['Bakeries', ' Food', ' Dry Cleaning & Laundry', 'Local Services', 'Car Wash', ' Automotive']"
338,338,"['Food', ' Street Vendors']"
339,339,"[' Automotive', ' Smog Check Stations', ' Oil Change Stations', 'Auto Repair']"
340,340,"['Libraries', ' Public Services & Government', ' Salad', ' Sandwiches', ' Restaurants', 'Pizza']"
341,341,"[' Bikes', ' Shopping', 'Sporting Goods']"
342,342,"['Bakeries', ' Food', ' Restaurants', 'Pizza']"
343,343,"[' Home & Garden', 'Hardware Stores', ' Shopping']"
344,344,"[' Amusement Parks', 'Active Life']"
345,345,"['Food', ' Food Trucks']"
346,346,"['Food', ' Grocery']"
347,347,"[' Hotels', ' Event Planning & Services', 'Hotels & Travel', ' Venues & Event Spaces']"
348,348,"[' Performing Arts', 'Arts & Entertainment']"
349,349,"[' Restaurants', ' American (Traditional)', 'Polish', 'American (Traditional)', ' Meat Shops', 'Food', ' Specialty Food', ' Home & Garden', ' Shopping', 'Hardware Stores']"
350,350,"[' Playgrounds', ' Parks', 'Active Life']"
351,351,"[' Automotive', ' Tires', 'Auto Repair']"
352,352,"['Bars', ' Seafood', ' American (Traditional)', ' Wine Bars', ' Nightlife', ' Restaurants']"
353,353,"['Plumbing', ' Heating & Air Conditioning/HVAC', ' Home Services', ' Eyewear & Opticians', 'Shopping']"
354,354,"['Food', ' Grocery', ' Delis', ' Sandwiches', ' Restaurants', ' Dry Cleaning & Laundry', ' Sewing & Alterations', 'Local Services']"
355,355,"['Museums', ' Arts & Entertainment']"
356,356,"['Local Services', ' Self Storage', ' Signmaking', ' Graphic Design', ' Printing Services', ' Professional Services']"
357,357,['Nightlife']
358,358,"[' Skating Rinks', ' Parks', 'Active Life']"
359,359,"[' Parks', 'Active Life']"
360,360,"[' Auto Parts & Supplies', 'Automotive', ' Restaurants', ' Fast Food', 'Burgers']"
361,361,"[' Restaurants', 'Pizza']"
362,362,"['Health & Medical', ' Hospitals']"
363,363,"['Shopping', ' Antiques']"
364,364,"[' Restaurants', ' Pizza', 'Italian', 'Food', ' Juice Bars & Smoothies', ' Beauty & Spas', 'Tanning']"
365,365,"[' Restaurants', ' Pizza', 'Italian']"
366,366,"[' Home Services', 'Handyman']"
367,367,['Local Services']
368,368,"['Arts & Crafts', ' Shopping']"
369,369,"['Automotive', ' Car Dealers', ' Auto Parts & Supplies', 'Auto Repair', ' Automotive', 'Burgers', ' Fast Food', ' Restaurants']"
370,370,"[' Shopping', ' Art Galleries', ' Arts & Entertainment', 'Museums', 'Arts & Entertainment', 'Food', ' Beer', ' Wine & Spirits', 'American (New)', ' Restaurants']"
371,371,"[' Gas & Service Stations', 'Food', ' Automotive', ' Convenience Stores', 'Bars', ' Sports Bars', ' American (Traditional)', ' Nightlife', 'Diners', ' Restaurants']"
372,372,"[' Restaurants', ' Pizza', 'Italian', ' Bakeries', 'Food', ' Desserts']"
373,373,"[' Italian', ' Pizza', 'Restaurants']"
374,374,"['Churches', ' Religious Organizations']"
375,375,"[' Tea Rooms', ' Hotels & Travel', 'Food', ' Bed & Breakfast', ' Breakfast & Brunch', ' Restaurants']"
376,376,"['Food', ' Grocery']"
377,377,"['Bakeries', ' Food']"
378,378,"['Local Services', ' Home Services', ' Building Supplies', ' Recycling Center', ' Shopping', ' Arts & Crafts', ' Community Service/Non-Profit', ' Art Supplies']"
379,379,"[' Botanical Gardens', ' Arts & Entertainment', 'Active Life', ' Parks', 'Vegetarian', ' Sandwiches', ' Restaurants', 'Food', ' Coffee & Tea']"
380,380,"['Food', ' Yoga', ' Fitness & Instruction', ' Gyms', 'Active Life', ' Cycling Classes', ' Grocery', ' Caterers', ' Event Planning & Services', ' Vegan']"
381,381,"['Pubs', ' Bars', ' Nightlife', ' Restaurants', 'Pizza']"
382,382,"[' Gay Bars', 'Bars', ' Dance Clubs', ' Nightlife']"
383,383,"[' Doctors', ' Health & Medical', 'Sports Medicine']"
384,384,"[' Bars', ' American (Traditional)', 'Arts & Entertainment', ' Nightlife', ' Restaurants', ' Music Venues']"
385,385,"[' Swimming Pools', 'Active Life']"
386,386,"['Health & Medical', ' Dentists', ' Orthodontists']"
387,387,"['American (Traditional)', ' Restaurants', ' Italian']"
388,388,"[' Truck Rental', ' Automotive', 'Local Services', ' Self Storage', ' Party & Event Planning', 'Event Planning & Services']"
389,389,"['Shopping', ' Antiques']"
390,390,"['Photo Booth Rentals', ' Venues & Event Spaces', ' Photographers', ' Event Planning & Services']"
391,391,"[' Restaurants', 'Food', ' Coffee & Tea', ' Vegetarian', ' Mediterranean', 'Greek', ' Pizza', ' Cooking Schools', ' Education', 'Specialty Schools']"
392,392,"['American (Traditional)', ' Restaurants', ' Italian']"
393,393,"[' Hiking', 'Active Life', ' Restaurants', 'Seafood']"
394,394,"[' Restaurants', 'Pizza']"
395,395,"[' Public Services & Government', ' Landmarks & Historical Buildings', 'Hotels & Travel', ' Tours']"
396,396,"[' Restaurants', 'Burgers']"
397,397,"[' Public Services & Government', 'Landmarks & Historical Buildings']"
398,398,"[' Mountain Biking', ' Bike Rentals', ' Parks', 'Active Life', ' Skate Parks', 'Auto Repair', ' Automotive']"
399,399,"[' Home Services', 'Tree Services']"
400,400,"[' Internet Service Providers', 'Shopping', ' Mobile Phones', ' Professional Services', ' Home Services', ' Electronics']"
401,401,"[' Restaurants', 'Barbeque']"
402,402,"['Hair Salons', ' Hair Extensions', ' Beauty & Spas']"
403,403,"[' Restaurants', ' Chicken Wings', ' Pizza', 'Italian']"
404,404,"[' Restaurants', 'Greek']"
405,405,"[' Medical Centers', ' Health & Medical', 'Doctors', ' Hospitals', ' Coffee & Tea', 'Food', ' Stadiums & Arenas', ' Fitness & Instruction', ' Gyms', ' Arts & Entertainment']"
406,406,"['Libraries', ' Public Services & Government']"
407,407,"['Food', ' Automotive', ' Convenience Stores', ' Gas & Service Stations']"
408,408,"[' Restaurants', 'American (New)', ' Cafes', ' Arts & Entertainment', ' Education', ' Party & Event Planning', ' Art Classes', 'Paint & Sip', ' Event Planning & Services', 'Bars']"
409,409,"[' Nail Salons', 'Beauty & Spas', 'Photographers', ' Event Planning & Services', ' Shopping', 'Arts & Crafts', ' Hobby Shops', ' Knitting Supplies', ' American (New)', 'Kosher']"
410,410,"[' Cafes', ' Restaurants', 'Delis']"
411,411,"['Veterinarians', ' Pets']"
412,412,"['Chinese', ' Restaurants', 'Food', ' Grocery', 'Pizza']"
413,413,"[' Zoos', ' Aquariums', 'Active Life']"
414,414,"[' Restaurants', 'Chicken Wings', 'Hotels & Travel', ' Tours']"
415,415,"[' Parks', 'Active Life']"
416,416,"[' Automotive', 'Auto Repair']"
417,417,"['Pet Services', ' Dog Walkers', ' Pet Boarding/Pet Sitting', ' Pets']"
418,418,"[' Restaurants', 'Sandwiches']"
419,419,"[' Car Rental', 'Hotels & Travel']"
420,420,"['Beauty & Spas', ' Nail Salons']"
421,421,"['Food', ' Food Trucks']"
422,422,"[' Restaurants', 'Thai']"
423,423,"[' Transportation', 'Hotels & Travel', ' Airport Shuttles', ' Limos']"
424,424,"[' Bed & Breakfast', ' Venues & Event Spaces', 'Hotels & Travel', ' Event Planning & Services', ' Hotels', ' American (New)', ' Restaurants']"
425,425,"['Food', ' Breweries', ' Beer', ' Wine & Spirits']"
426,426,"[' Restaurants', ' Pizza', 'Italian']"
427,427,"['Bakeries', ' Food']"
428,428,"[' Education', 'Colleges & Universities']"
429,429,"[' Recreation Centers', ' Playgrounds', ' Dog Parks', ' Parks', 'Active Life']"
430,430,"[' Italian', 'Restaurants']"
431,431,"[' Hotels', ' Event Planning & Services', 'Hotels & Travel']"
432,432,"[' Junk Removal & Hauling', 'Local Services']"
433,433,"[' Ice Cream & Frozen Yogurt', 'Food', ' Do-It-Yourself Food', ' Chinese', 'Japanese', ' Restaurants']"
434,434,"[' Stadiums & Arenas', 'Arts & Entertainment']"
435,435,"['Health & Medical', ' Hospitals']"
436,436,"[' Automotive', ' Body Shops', ' Towing', 'Auto Repair']"
437,437,"[' Body Shops', 'Automotive']"
438,438,"[' Pets', 'Pet Services', ' Pet Boarding/Pet Sitting', ' Fitness & Instruction', ' Gyms', 'Active Life']"
439,439,"[' Restaurants', 'Hot Dogs']"
440,440,"[' Ethnic Food', 'Chinese', ' Food', ' Specialty Food', ' Restaurants', ' Thai']"
441,441,"[' Italian', 'Restaurants', 'Automotive', ' Auto Glass Services']"
442,442,"[' Fitness & Instruction', ' Gyms', 'Active Life', 'Cafes', ' Restaurants', 'Bars', ' Nightlife']"
443,443,"['Food', ' Grocery']"
444,444,"['Food', ' Meat Shops', ' Specialty Food']"
445,445,"['American (Traditional)', ' Restaurants', ' American (New)']"
446,446,"[' General Dentistry', ' Dentists', 'Health & Medical', ' Cosmetic Dentists', 'Food', ' Grocery']"
447,447,"['Ski & Snowboard Shops', ' Shopping', ' Sporting Goods']"
448,448,"['Adult Entertainment', ' Bars', ' Nightlife', ' Lounges']"
449,449,"[' Parks', 'Active Life']"
450,450,"[' Restaurants', 'Seafood', ' Fast Food']"
451,451,"['Food', ' Food Trucks']"
452,452,"[' Restaurants', 'Pizza', ' Yoga', ' Fitness & Instruction', 'Active Life', 'Bakeries', ' Food']"
453,453,"['Bars', ' American (Traditional)', ' Nightlife', ' Restaurants', ' Mass Media', 'Print Media']"
454,454,"[' Home & Garden', ' Flowers & Gifts', ' Home Decor', ' Shopping', 'Gift Shops']"
455,455,"['Local Services', ' Funeral Services & Cemeteries']"
456,456,"['Shopping', ' Home & Garden', ' Appliances & Repair', ' Local Services', ' Appliances', ' Outlet Stores']"
457,457,"[' Performing Arts', 'Arts & Entertainment']"
458,458,"[' Health & Medical', ' Obstetricians & Gynecologists', ' Cardiologists', 'Doctors']"
459,459,"['Local Flavor', ' Public Services & Government', 'Landmarks & Historical Buildings']"
460,460,"['Food', ' Beer', ' Wine & Spirits']"
461,461,"['Asian Fusion', ' Restaurants']"
462,462,"[' Restaurants', 'Pizza']"
463,463,['Restaurants']
464,464,"[' Hotels', ' Event Planning & Services', 'Hotels & Travel']"
465,465,"[' Public Services & Government', ' Local Flavor', 'Landmarks & Historical Buildings']"
466,466,"[' Carpet Cleaning', 'Local Services']"
467,467,"[' Arts & Entertainment', ' Zoos', ' Museums', 'Active Life']"
468,468,"[' Festivals', 'Arts & Entertainment']"
469,469,"['Television Stations', ' Mass Media']"
470,470,"[' Races & Competitions', 'Active Life']"
471,471,"['American (Traditional)', ' Restaurants', ' Diners']"
472,472,"['DJs', ' Event Planning & Services', ' Party & Event Planning']"
473,473,"['Country Clubs', ' Arts & Entertainment']"
474,474,"[' Restaurants', 'Soup', ' Sandwiches', ' Salad']"
475,475,"[' Office Equipment', 'Computers', ' Shopping']"
476,476,"['Bars', ' Nightlife']"
477,477,['Nightlife']
478,478,"['Financial Services', ' Insurance']"
479,479,"['Home Services', ' Home Inspectors']"
480,480,"['Shopping', ' Local Services', ' Arts & Crafts', ' Printing Services', ' Screen Printing/T-Shirt Printing', ' Embroidery & Crochet']"
481,481,"[' Sports Clubs', ' Fitness & Instruction', ' Weight Loss Centers', 'Gyms', ' Health & Medical', ' Active Life']"
482,482,"[' Restaurants', 'Breakfast & Brunch', ' Diners', ' Halal']"
483,483,"['Health & Medical', ' Hospitals']"
484,484,"[' Home & Garden', 'Hardware Stores', ' Shopping']"
485,485,['Pets']
486,486,"[' Restaurants', 'Delis']"
487,487,"[' Restaurants', ' American (Traditional)', 'Italian']"
488,488,"['Pubs', ' Bars', ' Nightlife']"
489,489,"[' Restaurants', 'Pizza']"
490,490,"[' Post Offices', ' Shipping Centers', 'Local Services', ' Public Services & Government']"
491,491,"['Food', ' Restaurants', ' Ice Cream & Frozen Yogurt', ' Sandwiches']"
492,492,"[' Restaurants', 'Pizza']"
493,493,"[' Restaurants', ' American (Traditional)', ' Bars', 'Dive Bars', ' Nightlife']"
494,494,"[' Italian', ' Restaurants', ' Sandwiches', 'Pizza']"
495,495,"[' Italian', 'Restaurants']"
496,496,"[' Restaurants', ' American (Traditional)', 'Bars', ' Nightlife', ' Sports Bars']"
497,497,"[' Restaurants', 'Thai']"
498,498,"['Food', ' Grocery']"
499,499,"[' Hotels', ' Event Planning & Services', 'Hotels & Travel']"
500,500,"['Movers', ' Home Services']"
501,501,"[' Notaries', 'Local Services']"
502,502,"[' Hotels', ' Bed & Breakfast', ' Event Planning & Services', 'Hotels & Travel']"
503,503,"[' Restaurants', ' Bars', ' Nightlife', ' American (New)', 'Belgian']"
504,504,"['Pet Services', ' Dog Walkers', ' Pet Boarding/Pet Sitting', ' Pets']"
505,505,"['Bakeries', ' Food', ' Desserts']"
506,506,"['Food', ' Ice Cream & Frozen Yogurt']"
507,507,"[' Home Services', 'Electricians', ' Lighting Fixtures & Equipment']"
508,508,"['American (Traditional)', ' Restaurants']"
509,509,"[' Swimming Pools', 'Active Life']"
510,510,"[' Automotive', 'Car Wash']"
511,511,"['Masonry/Concrete', ' Home Services']"
512,512,"[' Restaurants', 'Barbeque']"
513,513,"['German', ' Food', ' Beer', ' Wine & Spirits', ' Restaurants']"
514,514,"['Food', ' Candy Stores', ' Specialty Food']"
515,515,"['Medical Centers', ' Health & Medical']"
516,516,"['Food', ' Coffee & Tea']"
517,517,"[' Restaurants', 'Pizza']"
518,518,"[' Italian', 'Restaurants']"
519,519,"[' Body Shops', 'Automotive']"
520,520,"[' Self Storage', 'Local Services']"
521,521,"['Movers', ' Home Services', ' Local Services', ' Self Storage']"
522,522,"[' Hiking', 'Active Life']"
523,523,"[' Airport Shuttles', ' Limos', 'Hotels & Travel', ' Transportation']"
524,524,"['Home Services', ' Heating & Air Conditioning/HVAC']"
525,525,"['Churches', ' Religious Organizations']"
526,526,"[' Restaurants', ' Caterers', 'Chicken Wings', ' Soul Food', ' Event Planning & Services']"
527,527,"[' Bed & Breakfast', 'Hotels & Travel']"
528,528,"['Food', ' Grocery']"
529,529,"[' Restaurants', ' American (Traditional)', ' Pizza', 'Sandwiches']"
530,530,"[' Mini Golf', 'Active Life']"
531,531,"['Food', ' Coffee & Tea']"
532,532,"[' Restaurants', 'Seafood']"
533,533,"[' Restaurants', ' American (Traditional)', 'Cafes', ' Sandwiches']"
534,534,"[' Venues & Event Spaces', 'Country Clubs', ' Event Planning & Services', ' Arts & Entertainment']"
535,535,"['Pet Services', ' Pet Stores', ' Pet Boarding/Pet Sitting', ' Pets']"
536,536,"[' Hotels', ' Event Planning & Services', 'Hotels & Travel', ' Venues & Event Spaces']"
537,537,"[' Sports Bars', 'Bars', ' Nightlife']"
538,538,"['Food', ' Breweries']"
539,539,"[' Golf', 'Active Life']"
540,540,"['American (Traditional)', ' Restaurants']"
541,541,"['Libraries', ' Public Services & Government']"
542,542,"[' Shopping', ' Office Equipment', 'Local Services', ' Printing Services']"
543,543,"['Food', ' Breweries']"
544,544,"[' Restaurants', 'Burgers', ' Fast Food']"
545,545,"[' Home Services', 'Keys & Locksmiths']"
546,546,"[' Restaurants', 'Pizza']"
547,547,"['Food', ' Ice Cream & Frozen Yogurt']"
548,548,"['Bars', ' Nightlife']"
549,549,"['Plumbing', ' Home Services', ' Heating & Air Conditioning/HVAC']"
550,550,"[' Home Services', 'Electricians']"
551,551,"['Bakeries', ' Food', ' Donuts']"
552,552,['Local Flavor']
553,553,"[' Restaurants', 'Pizza']"
554,554,"['Health & Medical', ' Hospitals']"
555,555,"['Food', ' Desserts', ' Ice Cream & Frozen Yogurt']"
556,556,"[' Automotive', ' Oil Change Stations', 'Auto Repair']"
557,557,"[' Beauty & Spas', ' Nail Salons', 'Day Spas']"
558,558,"[' Restaurants', 'Cafes', ' Sandwiches', ' Salad']"
559,559,"[' Shopping', 'Arts & Entertainment', ' Antiques', ' Bikes', ' Sporting Goods', ' Museums']"
560,560,"[' Education', ' Specialty Schools', 'Art Schools']"
561,561,"['Food', ' Grocery']"
562,562,"[' Automotive', 'Car Wash']"
563,563,"[' Recreation Centers', ' Playgrounds', 'Active Life']"
564,564,"[' Restaurants', 'Bars', ' Barbeque', ' Nightlife']"
565,565,"['Tobacco Shops', ' Shopping']"
566,566,"[' Restaurants', ' Pizza', ' Salad', 'Italian']"
567,567,"[' Restaurants', ' Mediterranean', 'American (New)']"
568,568,"['Automotive', ' Auto Detailing']"
569,569,"['Tires', ' Automotive', ' Oil Change Stations', ' Auto Repair']"
570,570,"[' Swimming Pools', 'Active Life']"
571,571,"['Food', ' Specialty Food']"
572,572,"['Transmission Repair', ' Automotive']"
